"","word","num","dt_max","dt_min","dt_first","adopter10","adopter100","num_first_adopters","id","dist","race","ses","lang","pol"
"236","birbs",1015,"2019-04",0,"2017-01",2017-05-27,2018-06-23,100,"216906318,167954578,81034740,16598970,2250536698,364054890,449533472,204870137,177432900,561425606,2649885667,500183435,522588569,874430355498909697,3115307831,328876192,2161686878,14803742,1011480529,873372016056950784,409012965,91904295,136812104,192293312,59006181,88768234,721512282404954113,44003872,21981999,28726580,17488457,210184591,552280101,167588018,2174912901,40456381,558043957,22111877,4153296134,203114508,14303234,105253188,39780936,467035507,131376545,837780081472786432,3774342433,2834142139,4434871525,308203054,2943495390,338084693,2553984817,743411745570553856,251439590,16345861,987554040,14477873,1628149813,35324308,497257728,22793462,466757366,29524918,15829680,761699269,1061855023,2945729238,162249662,1564143529,491062824,472418549,30058582,738478928,339933856,427610389,424600402,2218534093,840733969029160961,107226696,747285357813653504,1281426013,15646687,426474702,4094305936,1866211717,1198218607,42213375,349366834,283789322,2945668664,1084440967,809208018,1894696536,546221591,124473285,389871921,27699670,21305689,15795740",0,0,1,0,0
"287","boffum",3188,"2019-01",0,"2018-02",2018-08-18,2018-11-25,100,"594277103,2151605605,745806009998938112,270090370,231884543,226062160,177983584,61349409,1087592468,2164538973,165961451,2398364247,55586464,197113045,176573814,303502997,238135225,170949843,319432950,775759097396277248,333940399,271473393,1447008354,2828424644,241317760,129895976,250858214,2970197405,2247705020,771322256043552768,537657053,994559584718196737,738167991079079937,468158168,64103989,172016160,2730513819,63906771,3335989779,929781640397762560,1038897287366361088,318461898,268247233,130375411,760164776504811520,1001115060348051456,4168288035,319342572,3244845740,237945095,38276475,244258494,425051143,363526634,1690919940,969762043820724224,2235495220,1040791237459148801,579410931,945762662,350601257,262518499,409022032,21025093,724590211,1564344457,539870845,433749086,3171862865,1855569032,55970302,2996593217,2546399350,2902243428,303851177,392409430,470786846,69313739,32246944,2401945964,383910563,2952250019,4875475665,772453615,2850290999,453356210,40146734,236093531,371386164,2767594433,1053733871601283073,509652531,1915851818,2693015861,167187657,706308935,3911896204,76814700,1888724911,2615789952",0,1,0,0,0
"450","caucasity",1708,"2019-02",0,"2014-04",2014-08-20,2015-11-09,100,"30970915,161905290,16126509,17965521,304587968,275145897,348783422,258553816,303193501,119108651,748065798,14594844,68020673,15501305,57712193,15925396,21175140,82070380,338518584,576635322,15009761,16265742,314895174,219418659,5516522,2765775843,2865022953,239506290,617851798,25648165,368614487,433677297,380667593,399893448,25719277,1942298286,82935431,61271444,334484904,19838869,92196565,357358789,895400689,153061933,44743557,18791012,1379801040,39793617,33386958,284210087,19276157,16098365,2635749023,413623287,34049572,15384687,213561494,27105217,14344402,63649416,167064004,40062695,2614211058,1534557020,1252154210,190423912,96427897,18352422,24486000,16591199,16332215,52107740,16571265,24483999,1402782552,848743428,199911011,29683946,19139408,56208260,17135399,30945891,958743894,15491015,16175682,25629193,125632328,344707874,49786787,308847530,795322106,512581358,329811439,86187569,117499465,33107885,383821678,109657942,2283841056,129579981",0,0,1,1,0
"466","challs",4598,"2016-07",0,"2014-11",2015-02-11,2015-09-18,100,"2451914606,406826774,2199006193,892000892,2391476281,33367121,129367894,2260697779,1630006628,2356610802,614718096,1173728198,1939701608,1301505332,1411677020,2407126903,2318558557,41208574,2241667830,1411736683,441518626,1573679119,1062714834,2792323629,555900670,2276759720,2560116072,1253453630,2756407995,3010718263,2266203539,2694976464,2297392386,2854524595,2754190975,313132000,985902865,2950968733,922197042,2426298986,2831847980,2204066341,2713463302,1649135970,2303552820,550606924,1689524462,1540635528,418870518,1556723346,2643156265,2934838007,2258686712,598944799,1468441099,1677405883,1153795758,2887477570,2298993378,3036928436,3271516435,844633940,2608188967,1332507205,378059282,2373120373,406100005,718560785,322233434,261869706,3098254170,2812001383,2847594350,2990259873,625908548,1634606096,618468742,2178991904,2857888541,1160804330,1644408852,1337999647,278067533,2857822743,419040111,2334431881,2573020251,3266763468,1952777738,3010994393,3214070099,1067312850,2686002839,2568008034,2439022082,2971212271,837393402,756050869,2716135173,731161994",0,0,1,0,0
"494","chillay",1012,"2018-12",0,"2018-09",2018-11-12,2018-12-02,100,"272706086,2350310972,2841532644,1206035390,512124880,975519523,1327073047,34813968,139570835,331236534,2892986202,276356511,3082636819,173320032,40740575,19173133,105451733,3087879653,1197528210,634036892,1421229906,394753023,783511212,422990045,1008238124,112292876,600555047,175257204,1487647909,126420520,279753919,607422614,185917784,21536930,106793434,2526037019,134934376,2926249385,362805544,894582715152035840,56434700,108672166,137121463,327094058,358290379,44476616,321640812,22795440,2926012558,300508790,511102836,28446753,28001994,2239743295,821557746436886529,3041626419,940751130,367931235,2901807012,277589900,1942490922,724662849679683584,236477223,489562028,560353121,36280819,30380519,302513363,295408996,31015383,4507796301,235304164,358930933,2873496183,49549548,815502962134949888,342385960,154128453,89609282,27258530,144364095,64020742,2707824780,329406970,184830022,223330445,24495618,2947431863,174405734,2238482364,360729285,2941750990,185913344,61025864,776622117014036480,926688799,829521155065335809,137222741,997539908351766528,15757699",0,0,0,0,1
"593","cringiest",1665,"2016-06",0,"2015-05",2015-08-01,2016-03-19,100,"339281766,2763848347,1637187560,1654615772,261034598,1110182340,177236624,59595077,735765456,2311820894,457047140,2765738045,425463213,432198953,3384158819,104387738,1483526040,466971980,39339931,2398475894,2545269976,1616459028,3292321505,374130998,389849938,404448011,39148923,1468408663,18892333,2225401272,2832733383,8701682,277619313,116358301,2723605749,2366242506,568681272,2827277024,38779213,1711931550,315854269,44990895,381895962,61677326,1861724066,131310904,523912849,1319501976,741451416,2837381883,2871622911,2247618115,92870139,2497533231,2416671090,237408240,110937131,1553821656,341864322,2398543634,398971142,2720971998,143977516,453715727,1509482023,2582831774,66213051,1258526546,153876973,246962167,3286202803,22064255,6063952,2902338146,19224173,54796761,3092635433,739684080,2924943799,4015402311,2297358883,3031883473,2826769864,2895460438,734477294,2800834085,41465928,17193313,308882629,22560684,2580980701,2173115808,1601932926,385209803,783539977,616873884,1380133309,496974569,20560075,2468690376",0,1,1,1,0
"612","cucked",2168,"2016-11",0,"2014-10",2015-02-02,2015-11-20,100,"38460804,2450451248,283408897,169256241,259510681,601320254,79309628,1968272454,2255848520,110659981,71407283,57383080,595757988,24465244,2288820930,2605419165,831605958,489035034,2365969721,2474743944,46561310,418403417,16540862,152350498,15463666,327505058,18709482,168741740,962967806,1312444874,21568650,15865042,16857215,470433051,161091823,2159662937,482671542,45419110,23662573,2765738045,21970248,235658620,923728363,2840848066,22265310,30805121,3394097716,2953043526,631924075,1265743832,49132522,37238075,3083847671,2377540724,337284868,473279639,1716663295,26643244,571512613,22513648,18950770,2886095098,2322095863,8057892,57515678,436463305,251183505,76152016,334402917,299277303,268357707,449801993,398666444,2583550982,3648998236,3890595261,1020875798,2992643773,1031956656,280298303,76532226,2288926339,101871379,1927627568,1407551054,403916159,94441197,2988185117,159336110,547294860,760646456,166426753,2889462485,1513825298,1619906959,2823224424,417447333,276353099,43715895,730353979",0,0,1,0,0
"617","cummies",1430,"2019-08",0,"2017-08",2018-03-22,2018-09-17,100,"1877754092,150808214,32275559,2495266058,852158342,170510913,22222283,324786360,326059785,299379841,53169848,484176316,784692471989022720,721519863483744256,768929541976825856,456127353,344864021,1958367018,68855186,1428253423,327726664,923658193338814464,17301451,857412209659531264,448474039,582421690,166276007,1226006935,917976036,3018261969,766934450,3242843465,770244397615058946,468910642,1341824448,1473726408,733740979,955319152788606977,2240094103,1852426124,114906202,64246634,842459610,363439529,372405423,172872428,902646979423064064,1468091822,3163016162,354755914,2790418473,762845071,871261766931447808,864080552,30790987,725194244961492992,462098772,1442087060,2892020337,48167465,39682349,1262865001,566604046,394830777,307037308,346359308,125828483,65989961,14860992,879181162354180100,471339706,1430276449,374191460,3378086811,781310904788889600,628403474,2546819622,1584323400,26339628,2873364197,2177112410,1255770247,265286834,1025012733777858561,14373063,1847465066,1278879648,379997298,1431990198,2446341373,355416292,787503114,446875464,500437962,309398902,424610614,773914114003464192,2900088487,2881667108,1629585998",0,1,1,0,0
"625","cutecumber",1625,"2015-03",0,"2013-06",2013-10-09,2013-12-21,100,"99821342,177523178,315263413,1293524575,522028650,129290145,520023506,1573376815,323635484,1334345502,359775349,548862643,381236530,1450419944,451760012,551469017,364899125,335048980,338213107,225535313,501417800,842986224,547288862,479003485,1340361146,553980561,861588264,414322887,1708467812,987185972,470409207,1010093418,719784836,805100288,38606911,384616564,373800129,162071401,253104436,879053485,146624382,781255034,351107005,587901007,408810678,269508303,260533540,197908727,354484545,90779621,317267614,520550998,411914162,1085595697,168368945,349325462,547206983,1347965473,592035563,408153617,983545273,1423480394,40125639,447659335,347534046,619599204,472518940,600468219,453790196,1306513561,451860821,2213397470,926679956,137944431,700106887,322078159,424426097,426207936,314178158,334085858,77401679,389643305,594319533,1877341531,591358430,320640958,324723791,383392397,30732405,593355290,259126439,1578454706,578472343,982183430,83956030,479852658,524827046,391137782,389707291,92108127",0,1,0,0,0
"636","daddyish",2321,"2016-06",0,"2015-08",2015-11-24,2016-02-21,100,"1611989124,996453469,3735009792,70531590,2491994280,157897429,45187877,758891814,2866465626,352918899,332409121,4339271772,238638681,336245792,1315853982,3241058935,621494646,1170423062,548130451,3122629116,1887526920,862003868,3267261816,282793594,77925339,4628612652,287423859,1356607622,4334192615,2361690023,325220013,258244959,345614546,341222795,1698235116,39646477,82437585,1043114340,1917353083,322947131,1537191386,334512554,3353415738,55419448,1402645802,231140001,2945444924,443270466,2165291445,876380136,3078423471,2195412298,215105912,3312079157,3298540836,435088229,940520664,1370963772,2872494671,79874795,47136307,2971899574,621367561,909139243,2923541431,3193444188,2948824503,432011563,3380788629,2277122635,2217228271,3039956269,244557696,464750161,3105590196,2866342180,625661281,209635995,895868028,2243342101,541337736,2195560327,4010169139,497365562,449022226,261887462,325841904,816223208,399487331,4473127655,769975441,341797687,2871652499,896413676,474425110,1426857842,3070586910,872836638,2855063281,751868490",0,1,0,0,0
"688","deerbra",2394,"2014-01",0,"2013-05",2013-07-03,2013-07-09,100,"1429316809,709329446,40058162,124022717,1084877588,54146880,44261653,237031831,1309423567,253329536,83585251,508139247,295874287,385207187,18070847,238804780,562099408,231960051,251922109,421242821,175846854,788628007,101809796,234636448,373063178,43628324,358509364,355723220,492884209,243284150,82448152,186312693,334997641,322746330,443441447,298230527,250130166,250856080,326223424,1161798036,1263277352,491860180,168571129,58107657,60620358,107854717,38666044,302696268,178216888,321478542,248076592,124070917,151916906,146254955,234175405,64625238,324564082,711115945,134697411,297212371,981457806,60942034,435495477,198696686,1488170616,199150392,320321640,156110099,343685068,612396163,321112926,128719875,258300697,213011248,63860292,121293906,220765149,305165409,39629488,351344385,1522854768,313478852,25901054,268108068,268460584,164126820,513865227,63773152,231661672,34098887,580370695,34477374,338089051,158961563,456736536,283187854,122448851,810073656,45752468,191631666",0,1,0,0,0
"693","degular",1667,"2015-12",0,"2015-06",2015-08-02,2015-12-19,100,"245136466,35323415,28326549,355224707,3075421762,455145979,352697242,248022711,242545502,137830580,318068355,18969259,326663721,17577827,2547830357,327821051,281220895,49037825,97059748,184703108,111069880,110574898,24322141,64781886,227217731,938216390,151279207,1032890394,3012589928,1624207381,71379217,241317760,93256239,151721025,2324693918,2328229352,2261014833,534832864,339628500,2560189905,1608435493,3562563328,993943058,129246546,260980994,35107124,303373242,39850467,499423588,376015031,1197528210,258373604,2185131501,406341933,327028309,102515341,2347804154,1758115766,116323503,524324320,2331405372,2972613441,277210942,33416138,218250581,447851849,167178368,1161327942,2735499918,2967981975,367961329,233294245,1390171694,563716238,541984878,2369811591,3369642700,24097310,1421856270,2181028824,64330695,16470189,336791339,2872494671,1015894190,1112713248,466792960,15816019,703043458,360396881,379183343,139546887,399035582,38904873,272711470,319791488,439796299,317186800,2482815228,2735806570",0,0,0,0,1
"704","democrap",1121,"2018-10",0,"2017-09",2018-03-05,2018-09-17,100,"33068037,828328554882543618,823657547982835712,3235643742,49638895,41056803,532457455,702349693,219803781,813998444616425472,788766688535719936,48997761,758648324803223552,759237835694153728,20638151,971833756914012160,881144844374036480,974494776488812545,15598598,107074929,286427926,170625577,827577230788136960,980110090983292929,28105561,449076168,1301920015,239961468,525884669,559645321,730598064055037952,2900659636,118210519,2480098549,821132119678205952,3187227260,999632034896244736,881662613351956481,757190661049348096,824788290725294080,1976922576,706816179701051392,26916249,822644134943092742,763196343183613952,3974137947,743828447298879488,497364577,2686498352,823207906288041984,1409535590,2853410675,34991028,398270371,1169160877,4015452852,43490582,2786209473,426647320,260926538,120885190,826407102,110306100,53982833,732736193079726081,43608966,748950183904354306,159009432,65931246,3352452365,2250817146,903396856776011779,22666333,760447773036670976,838953863440904192,747911794501378048,47491556,3267413204,997939620045316096,891972902412840961,2871428607,3394897264,430334280,57656713,63104833,989680254171144193,63774004,856318974132277248,985654830357254144,39206452,1167655052,988926715681497091,510726518,742414476335579142,4734764059,2384372933,917128211074637824,378831919,3435142720,809213634",0,1,0,1,0
"707","demorat",1216,"2019-08",0,"2013-07",2013-12-22,2016-07-22,100,"401748480,1261045009,339220504,142117632,24517233,804824798,15153843,911296592,191555622,234922535,35216399,224775883,1267333824,862191060,323638277,16552921,64039620,631437340,18892635,159447476,939762660,108524355,146998301,411701635,24603971,784875325,23272075,250192923,1648406203,259956008,45447497,26947929,1738679586,153883005,485005284,74247792,898992114,29445904,160018783,17467950,1131819050,889566793,14545416,348725381,99128314,190589983,107507375,38415895,541385453,1912352094,1067209832,1167531248,880048238,149181677,19066258,457680921,56014497,59665313,87961743,2179041576,83615717,1340785494,45638072,21690687,2940073999,48043980,4143516766,1510952088,23048747,3870717493,112614146,2416617475,21959317,94249055,789738380,636421278,2201984725,4686166231,375884007,531487234,3120221800,708199243,467808330,19016767,41997453,401370410,860679312,734572269251526658,172126051,2996858037,4833889065,61735353,2696042526,545377339,702285533922398211,2435917885,625877182,3452957836,409384934,2943304486",1,0,0,0,0
"728","dfwt",1322,"2016-03",0,"2014-06",2014-11-22,2015-03-26,100,"188175556,116802873,349338504,326996338,596947310,208321390,770510856,451987433,162279170,236687150,422734181,531804704,291528725,1246275696,969397146,236171933,116257057,2419369489,235311611,632095074,317909236,236238424,310470057,380698434,1490834348,309995919,1634659249,235069220,323108341,1709526055,1279571089,2572620123,2914090951,2155328807,2325315995,2339491056,316002606,707612503,1962933906,317643593,1479034986,536852895,373254969,2161190212,359734332,234153891,359513576,281349063,2997551977,347004922,1540342878,532734186,350037628,2244677288,228807321,174263013,283152644,216527766,538646290,303578199,2874036564,559589090,2312818214,70528730,211983147,2891737872,91180029,1382737040,458611191,45285567,404553098,542097349,329798561,347635631,2951829136,45181697,318791308,282855335,311258826,2696557992,247991997,2887790720,549062085,1877637156,323609183,1606895454,468042543,2468056952,162306897,420920702,119353207,2524010207,35094707,320334711,54372753,502349189,2830446698,170988720,289445239,51955435",1,1,0,1,1
"773","doggos",4571,"2019-03",0,"2015-06",2015-09-29,2016-06-03,100,"2895348556,91616839,17034820,81034740,2205210923,375875804,2335928828,458898625,386192144,490016840,707351594,14413604,2290220899,746574992,2767963930,3131598320,3180116142,3011769266,231132096,263426280,434535093,1146244795,1615988545,1706203776,1369528592,64218381,2379257654,178766801,770142348,300577274,1898408263,3226079689,990116622,509491159,332504981,1635423216,827876845,2897704341,3648811276,3424689341,382398709,711709064737247233,2893050977,1115889762,99596284,168345996,384102559,627661570,4675472461,343183993,331168229,132265021,3948084732,209765728,310946632,73318234,600671761,232460058,3815213533,1034317356,501364850,30266532,178905472,3130574188,446430670,499331763,2943280252,760971698,17218423,238625955,1347829340,3294664492,246636676,273690857,1394312930,2269733802,994120057,5015831,418154676,19185916,533781920,635113904,2612998904,20114963,1337117474,803799835,4130481202,51369135,2290688035,30442347,3312997248,383854800,275878764,2864696759,69204657,92817360,451155770,323592353,14922813,403916159",0,0,1,0,0
"838","dumbassery",1129,"2020-04",0,"2017-09",2018-03-29,2018-10-01,100,"466482095,822713756,128084396,279615679,2223522259,373851170,3282693403,277782488,2889926504,62935787,840028001555349509,961485776,1489992223,774271514828877824,2400907248,776960785,836227816064634882,363459609,2486569219,1961379848,1350721022,50500020,31559195,956472636,17221172,1540039370,6898562,41523789,276167846,278155229,15594861,838739097409708034,18514907,6482142,1132267568,17014235,58053457,71150648,507871284,2167566582,346040338,59470547,2522082265,131299401,731060454,2205751706,107233871,1579215164,28262061,201887796,485176495,20684203,545261627,179272034,799208695,290485086,14782210,619886700,19103087,35815667,1517486737,901616972001153024,954115353856086017,987165186753572864,114893873,44535548,230223081,3546222497,2278187007,358887492,16150587,1656917983,777371859973050369,330424560,48112717,17741202,491472275,24407394,912429596674543617,4874464340,3003553276,1683832124,345625424,594337767,19397808,366943003,473244356,909647473425158145,16889723,827295695480578049,3125740881,262859745,347944080,1028104996762656769,2938163978,1236593863,16350376,919892509,322360227,477779989",0,0,1,0,0
"860","earthers",1584,"2019-03",0,"2017-03",2017-06-30,2018-03-29,100,"247034892,15906495,15997827,3314201411,9810062,2500447609,69139197,3183809521,367271007,767800,2764391073,57145368,28916422,841846038,399674573,14128780,34524972,45835391,3051398232,348288947,30109311,3181187989,21814376,2815559898,25811115,424645560,93951987,293531540,80482460,1965755706,169002842,173283588,719230252757737472,33272200,4090953689,1312522764,904802589254053888,22300303,983503248,107953092,54348847,333234498,415950194,735231157,28194083,19190925,2844501110,542400718,587623635,21837025,1295571,1508848194,379326295,36444522,53664305,171549095,23088442,45734041,6016202,124790697,874482747485454336,23534162,914333061445246976,16647197,28597897,3587014514,3173655542,92636671,176707181,740892950784290816,15794356,16720690,14221588,98763982,304113231,2323073344,1175221,38176938,55671434,2967591638,300214006,100262776,38360819,2204137363,221764914,519979865,966713971,2612152333,456300840,74350221,617282633,14950206,901284099566055424,893478091,807383503,40526283,2605201187,528509022,381093468,187333063",0,0,1,0,0
"862","earthporn",1986,"2016-02",0,"2015-05",2016-05-16,2020-03-15,30,"895081556,19131230,110634602,1529421373,22655911,33729703,32244988,150097325,35203319,2389786441,14801888,275218718,159094719,450402605,3152045607,181415068,849882518,76255736,2388249284,1183785296,55479924,520999703,71581844,233608342,32401547,29247760,563270521,847105263362609152,44793138,4904",0,0,0,1,0
"983","fineapple",2700,"2013-11",0,"2013-08",2013-09-28,2013-11-06,100,"747713047,52361875,536666835,410135221,1508359370,1378088503,381037558,1318777512,1093510266,588844282,311784420,137897187,703301252,781461870,450429110,516002509,70531700,162940772,348228071,304827625,284642620,1447337582,1589365135,489050271,530030424,1922292343,67653680,326159196,588038886,597474370,514672549,319347978,446395479,720617510,1618663644,79625177,324496881,1334345502,44996099,21242233,365487845,374920279,727677942,920389723,382310914,1169980752,1471121228,30991613,225535313,494532538,1191471230,269364458,146638780,335371993,326374401,309050710,27226807,167958220,336912608,1531341439,1340361146,94163667,166940089,774015782,1877324282,233314083,1236097603,341550138,946789410,170593516,1623454837,807283561,924354500,840919412,1334636436,341249101,319910043,20833781,554008605,609584962,473448022,164538465,963544694,1447460594,592985782,59915510,84457801,170732955,716598598,1353109513,768532189,348740602,424678068,30739102,134215277,81312015,557593647,1221888355,563378853,59043061",0,0,0,0,1
"1012","fleeked",4832,"2015-07",0,"2014-04",2014-07-30,2014-09-25,100,"874572228,363198880,2172959221,299292545,260001439,304160356,1497253992,2653262244,1120734762,779652750,26933671,304655663,548098596,325114261,366314584,458435705,235495010,2224037334,211866487,31396840,151601786,362973253,232452484,30548433,171776273,131222878,16344064,2723234891,1559558372,427776076,257742500,576904153,116323453,332993544,715271035,96675217,316613086,50808542,450230963,348194601,1332901430,324294563,307644272,54346089,737755286,305343388,209851007,1481388091,583544964,368648550,127289887,198060930,2344342244,550541415,442500448,236926836,349313645,353860676,335370539,366094306,202327681,51301286,2199924570,315069940,18483175,384042153,198261546,343214444,144362987,716393695,343104433,41288949,270619201,1578716784,402214159,304451747,35324994,2508587909,337227248,452829518,252778702,298188722,2414818412,234229779,59382422,236092886,498385366,437293287,1961721078,312263247,227152466,1849998882,185837545,1461120499,63513014,1658833272,270647648,2217168810,30994836,381813251",0,1,0,0,0
"1013","fleeky",7920,"2015-12",0,"2014-07",2014-09-01,2014-12-06,100,"262922905,1308944936,463695993,484444479,289605759,359669782,102295036,2161067948,134331704,2489148822,498952594,469766482,16135680,352193061,1072244126,595237708,33386760,18317227,1601298294,428533418,290240084,606513372,274706858,257739288,2670450416,328360566,717705037,519753943,623497562,397063660,1154743260,170890183,160271019,158471297,261295019,40759327,146258279,144738933,985827038,483017590,1726316197,844751911,202883396,30904847,243046176,31593387,400713013,1213356486,150325817,234629775,30779036,906240445,72697674,343799733,319645106,230893362,745716900,513954609,2464860729,1939700881,317408550,517737131,1166442355,246435150,176570048,29505198,2763340855,378356473,702382562,1310999894,2277122635,331757783,1969470145,1475313979,2268137450,2357317886,1594934275,2309109867,48891742,2772384931,2655554810,219186885,2767183034,25119349,1888240560,1247630113,348124771,1309995782,271246974,2581045524,178999494,416486339,2771804883,43319555,577598871,2467261278,288282876,1547216966,2404036449,629041068",0,0,1,0,0
"1021","floof",3704,"2019-03",0,"2017-09",2018-02-26,2018-04-03,100,"99622483,579149793,16809966,4581084917,561477816,776197623908823040,15705931,1517203855,291380728,305910414,69301103,6321322,131874132,81999709,29524918,1125124513,66004036,1252313274,331278129,1166537701,219783553,1568285725,65293260,3308463070,3273306060,1054246934,1348282116,70301882,57814942,563964594,796088789558968320,1492096334,40351905,3945641,111490230,2409513548,2740551320,393177357,241239305,178718514,1304837280,494458165,853877108,1023824749,3112087673,158466363,936031344508858368,17843715,488654752,1371021163,62196272,1316372436,1156308222,14118957,49229990,337418107,14147029,723049153,16604111,7539132,15766780,179682563,929451912407277569,25605896,750446411980869632,913203265466257408,955142359486029825,784431467875164160,374364401,23785401,50899662,494334323,18362366,1551760430,71067993,18198052,18497036,325439633,2214948450,745839465617293312,2195403324,233970658,725530876747063297,2493535151,2991548600,82646342,2161654812,14787758,948265929049243649,3344283250,113021807,234243524,543045874,37415696,294862092,2334400726,1012545314,164380141,793031830878375937,193618142",0,0,1,0,0
"1023","floofy",1705,"2019-01",0,"2017-09",2018-03-07,2018-07-16,100,"1488187284,471309966,561477816,743159071478452224,15983455,437165927,1517203855,331278129,328767427,1342503031,828243084,1371021163,14580148,870232998020435968,936031344508858368,19995732,991725229,970392454783557635,14251629,2569856559,4798506855,149802946,15970118,14156082,733145048552902656,45473388,620872388,3266258420,246130782,26341602,336920305,609197132,75945675,1724325319,2409513548,2446469132,16533323,902632620529508352,1568605452,955992954,114830693,18185339,944427426,4890585972,724073547107196928,1360415947,2983717374,994234578,3074088538,505069575,3490724295,31000144,2997176825,36111092,136429782,86485487,744327206810193925,162249662,212410707,327207717,572212047,1309257841,36953,876893612478521345,2537986487,73820166,883247928,805983414218170369,313916789,43589081,444495473,3179743520,2561761514,3427193505,2834685708,1027786303,369130606,4884138974,481248662,3477197232,49229990,433852007,18936977,781613,984439066908397568,3060915825,15565431,1009227616887267328,434654489,888755269823582208,14548204,145537458,2396391386,389871921,741344207051198464,274698653,137239152,1847465066,586648614,17002914",0,1,0,0,0
"1039","foenem",1369,"2014-08",0,"2013-05",2013-08-15,2014-05-08,100,"201077216,433016822,238446966,261352867,514624920,44033334,165997591,534817010,409336194,325340441,338382227,79513975,279862734,593812702,286456685,263860415,228068860,330771735,419709818,573940927,214940886,581100973,352530488,272646261,85977662,549696058,278772122,623505870,1036520113,396035019,411297609,238366183,520600030,1218490262,200990139,282425189,65934483,468977369,985503836,1868504149,348892469,195886060,155634322,123791036,756615733,239185926,174897491,565144448,870665221,700184072,808013989,152859740,578096650,622227001,247104035,610139199,230511426,400888278,929115643,359206100,273662787,43646072,248534078,452786462,325215886,537309302,102564978,2308827595,1179729277,2225107182,776102215,215114020,234567007,319458536,326340162,98273263,2269505113,566667951,2412205573,545726744,357880766,703791789,717469274,859203643,717576421,575445241,93959112,440269490,419909585,436267440,412788612,215888874,474705399,335086248,354631993,606562996,341752315,339815667,797478410,208346648",0,1,0,0,1
"1215","gloing",1952,"2015-06",0,"2013-07",2013-10-14,2014-01-27,100,"285966537,569676594,529594403,169635639,340070192,348172932,276728128,233753051,421542757,711967200,375144395,333576347,612735055,559189495,290750274,491895267,256099535,329993296,570269153,1118119172,503549022,1106192946,54816996,176676382,28209198,353891596,351124389,566846666,282805788,846942115,102254385,351342043,1416431551,606535978,1600361689,1007821568,182987190,475390280,354330758,44815114,631758506,233336530,40663173,1617539930,467000555,1866103183,298319929,243767007,512962827,43989681,1286529458,387226896,342497053,480004410,350026647,609605135,1099757647,1976661684,975618661,1736884885,714706352,401425739,480781024,604634344,848164658,1270961994,857035994,44990325,206821376,236183382,1563150104,101357255,999977000,422285759,312171336,82647185,1499205331,857215764,443419874,120974505,164865544,396968007,240920020,500738890,49483138,628981691,251636807,436789024,548050163,1281684043,164486486,319422299,262017561,1045336308,235785134,609759504,40749460,447770899,313109264,324660007",0,1,0,0,0
"1218","gmsfu",1335,"2014-11",0,"2013-05",2013-10-12,2014-07-30,100,"419071485,629040212,496297078,225724624,361051256,89612240,476068899,981079176,384151657,993784784,38536094,428342104,1207034748,834689461,1390740570,793398164,389239210,457062860,521061507,1167359870,748849992,322739749,174316286,760244448,391031003,428657959,164196026,270617435,702154832,1023312625,700640239,166307232,514591093,204192164,1365779490,1567052898,1461562064,622618017,279439459,839005465,75731927,268606051,902902884,374362149,126839283,342204293,766529990,402510129,465065078,1034379888,385767148,2369895275,2261571493,1360307682,911782345,2358454794,908959014,830249882,1954567514,464371038,232972541,979783418,238684700,859084747,469907416,414535188,772590685,633437562,2218578632,716992225,481824201,471992753,298227011,1012391400,2321689250,887997192,1307550080,2497522646,994368570,391539802,46319420,1902580321,2277018901,421608435,2335780302,1642394809,491918838,990319112,148980983,500551782,975200054,2152037587,214525247,512681407,168948735,840465391,329541860,998871235,1426395848,729005989",1,1,0,1,1
"1222","goated",3056,"2020-04",0,"2017-08",2018-03-13,2018-10-16,100,"346171723,784692349792321536,3308967038,386372785,4823013111,908667827367931904,74656053,779457891149369344,822657597052518401,2179916998,874089001875103744,761335889008201728,3909021733,131646320,2941660689,735152458150875136,2988858161,18590994,164494654,844363098,1355899542,2868244773,1732029924,815778296512348160,355069472,4720909228,497746008,14913858,3214856302,4314887007,33633847,2792332917,408179536,59363799,1677219920,2938846858,864553905971228676,1483644283,2861544355,1466483714,1963940850,948035148704075778,4660670175,3188118032,936404737913745408,1017805950428868609,1309883948,177636420,254229767,56899181,1633574604,475539702,982536416440745984,619530277,40551484,3305385941,996601584686690305,3148096649,814870745738264577,581315326,2390467172,3720657612,30114029,3253531767,777728352123838465,815049002991423489,952011865030262784,880451126105182213,750246335807234048,3254901579,997954324423585792,1976934199,3025196777,204427536,872512290477789184,868976182590681088,557169384,2605548815,469956060,1226547253,3315345180,16674599,1921259682,1279283790,1317623526,251756749,82262889,1043294171446931456,42962322,442960836,968583110244921349,837658789432156161,972231641698578432,2604834802,2539899994,370937551,2860943101,1334495252,936106662,4133677702",1,0,0,0,0
"1249","gratata",6223,"2014-04",0,"2014-03",2014-04-13,2014-04-17,100,"501996309,21459085,130683919,2182219007,333214370,289200873,147360209,151252384,185103776,386594981,129401871,400747327,228809114,306999483,428551733,550350836,615830536,620539017,1343027528,1265697012,1332502142,983785466,1644341581,296017224,95800609,457122936,2188677277,560008724,788418133,341112601,39007017,708241153,737109062,429621332,201478478,605900713,614988756,277223628,35757466,448432287,761766571,1727022067,178567058,350573577,1477829605,167212111,257321945,552430066,1138213932,319967701,1312911679,89904781,35097814,1220446448,211538158,280149765,217968551,44531152,845515916,291270376,431821186,574021924,29338379,503848460,150904047,1225299806,126785546,397521705,262511433,198319366,392691907,200774716,24125771,180219958,1255653691,130995880,1126342933,230012974,447366116,379419619,378857648,598499116,620941018,309366621,2227689703,225158844,275482444,83735295,723087211,617602798,434538724,309433224,320971959,314122776,533533616,109403072,505078697,1851603366,173726946,304731828",0,1,1,0,0
"1264","grwm",2260,"2018-12",0,"2013-05",2013-09-06,2014-08-26,100,"367013537,519872072,101957336,1523438450,504019472,451686707,396322930,225588213,52493415,194988140,68071896,499098698,29687627,900410864,358134103,344428494,60921508,95908048,617759278,484256694,77249139,160036486,362756427,35589269,262396426,627427123,221126611,287518707,1153118072,1196493210,529418232,97376605,314805488,356760927,303523764,1865887586,295391629,104032156,338765724,175367447,51339357,32890334,39068371,156041038,449098769,13657792,842210700,1412749710,1363271857,84514798,381904747,244270706,702088175,558789338,327608208,155165130,1549271976,1010063401,19668335,52814201,86046769,112651008,398037303,38363137,367577513,243599864,241788206,89363246,708704777,419554609,216549689,1157043067,539541424,2217671803,28424039,217333548,176929282,1041124118,396339329,1117465808,448618996,290718835,337573140,21500958,31661069,71123214,2562935759,2177387296,1432051135,215645402,31512196,103659206,1318950578,1448164778,353367140,266929960,352601199,2458786416,351096550,44055462",0,1,0,0,0
"1323","headassery",1848,"2016-11",0,"2015-05",2015-08-22,2016-05-26,100,"538515341,527096737,186612232,319324782,498980841,2497498855,1547303047,2610962772,336115445,499053118,2277277339,191649508,2722726453,399088504,396599977,2401270118,420857784,818869832,3228550314,111318366,60265071,456356521,1612079778,267854681,324617518,1201909794,93480690,3232104564,59372135,2405037578,286828801,30277638,3035406463,428776495,2269387702,2228027829,3432285526,3010162357,462278571,1123213099,2942026879,284294640,1295965314,4688630628,56633167,2319773234,1021308128,592283622,3298574195,565131702,602280106,1115716849,378734845,724632853,377714550,252261768,338148106,238697340,2412119952,2933249649,2442808717,2847995113,1858611378,423957981,29329620,188522784,1126740277,24843751,1081765278,3020620731,414485284,52210829,352718366,182888841,409688778,190076085,313475569,37051074,631476589,2863268240,738758076,220061491,515101562,45860418,287887975,2258311548,97669704,2380012178,2801207921,1528733257,51954829,230352183,378344347,76242570,548570038,1665350869,883456693,352374749,918038748,952525526",0,1,1,0,0
"1349","hewwo",2209,"2018-07",0,"2017-06",2017-08-30,2018-03-28,100,"741795384876519424,24046928,3258127135,2953043526,3060864976,2446469132,322706665,621247250,719665629997961217,3301959002,932505715,18582365,39092860,990130332,528011845,1463586510,15217202,1353453199,30285088,61679447,1963720441,257728806,1041214802,219925206,1370835470,443327494,850133958,3228974513,425600003,316228271,1005431478,3261181743,2284968950,345564858,763664134864900096,1537369878,812803428573388800,2478918703,1568757446,2550753984,21664866,777621263925862400,1515281306,29080022,390507411,4922808649,4746366108,21360946,505947212,536822410,1570682910,917508360500629506,794118002,3237209508,3365351284,1958367018,931615588102950914,2575917730,3247071139,35893054,933401916,1392536922,2827241713,2177112410,528941855,597118431,3079883868,248446549,319246612,197647206,377654385,1035585402,1558792724,2382987306,192659682,307289360,1031928847,894377976208424961,600725073,42286819,700748198525190144,1425879962,1360494222,2944719529,424610614,1654706340,40420076,1426769911,725530876747063297,22447848,954643236,386279944,325015211,35652393,101942347,305327008,508057884,2566162531,327229546,2835004832",0,0,0,1,0
"1453","ikyfl",1065,"2020-04",0,"2017-09",2018-03-31,2018-09-23,100,"79841037,254802046,280605527,134782572,3092233730,818841084184985600,54713301,1937950939,237965112,927600170006732806,153032939,904227287503077376,709874344898519041,1661398272,2264978779,2956271930,508745013,93095417,326546797,4048831300,2322021012,1881456097,101866507,455408518,51949635,933380940,1698312145,58603545,162872623,301817285,4819236953,60682345,452608045,2849280361,24569970,1001115060348051456,63364925,886751588,120833277,2440904551,4012967297,428706164,427587144,175141745,2595432584,2983492992,325114261,2955569407,3191512627,27964622,2544014689,549569862,3056459661,1380926617,597033292,239205677,571874009,179960649,600304098,24436923,290934434,330629063,433772570,52673449,523990403,856137281714999297,261209858,235399107,1569028201,2719519190,3793344622,324993663,1146013914,3140589488,474552123,2202346322,722249988110069760,1695180306,2157758202,326996700,2542113291,628605195,290720052,755596384926138368,144452958,3225273781,1611762055,60497780,869926155507294210,911950595178864641,2310877089,269547521,3045141439,45654213,1135908313,1582073912,258234054,839540565230383104,3589277779,2245882150",1,0,0,0,1
"1498","iykyk",3058,"2020-04",0,"2018-02",2018-05-30,2018-11-26,100,"1096362673,2327328632,2879314202,774198097383526400,740497076811751425,346676112,1976390948,897211033583996928,2718657942,2162110123,3224180978,4154932874,598791931,3035839922,1004102111246708736,2949141596,59378449,349195213,320522283,44229376,777147408203468801,2305299337,953821767314714625,2879590744,1002281870,3217557683,2914520556,430366130,811058527795957760,4163271074,400927613,757503742790864897,932888749180182528,210347389,755680118,856329871148101632,309338388,826244574,44559146,2253156720,356089726,1730038951,27364013,187572123,2893199179,2326775389,2470400856,3079843040,597244824,105587784,595212130,2245503929,2907689785,2438981372,1643727008,327025967,1038435848,1087098954,937429443978526721,4237395612,371891334,1012428412290363392,1576955382,855313694,2911934748,2467023168,298187913,1711525170,1572119719,40495407,300619420,492689982,261906459,2555168250,1892092986,739992122,502271991,718233755635335169,354445645,3250092890,1007176780006879232,2733853907,1026528449840566273,1325820013,49511163,446443928,863605885,562393081,2883359320,2502667045,2264805517,2806594865,708521360071499776,131869018,973113677321715712,2303886106,240952188,2413709332,3065647806,321080380",0,1,0,0,1
"1747","lewds",1045,"2019-07",0,"2014-09",2014-11-24,2015-09-23,100,"65575338,491127476,582760321,280646183,152350498,406334712,2658643291,1628855005,358863151,41367821,1488938430,377769058,2796994417,78739102,47539455,2709495910,34447217,597118431,49234326,854203626,91042156,2800681614,750606570,1909647517,84960104,94236717,292137801,1616391547,635761854,112614146,1548713844,1918824967,2189247247,240908605,115601411,2432646044,1947709525,2927390570,57835666,234469104,2505795876,437148134,144363912,2718038620,1691602782,307128887,455226590,19745748,2765738045,124969717,634338292,198360671,548248767,2882205917,347486511,204988689,611938808,16119886,521495786,2877936804,80512865,3302900974,39275776,1590413701,545580715,151711230,987892896,79624980,104393179,179682608,192230195,73034441,269177076,1403851,2973433631,14788640,290848938,2906144109,54999066,2343922427,60412483,759098845,541923207,27470873,1358410104,2165888850,913770804,2931417389,2786486641,703922940,2398475894,1686448148,228049803,2907109347,2550392606,17597031,1349484584,1947572312,101298194,1088022302",0,1,0,1,0
"1770","litness",1562,"2016-07",0,"2014-02",2014-06-26,2015-07-09,100,"184703108,47698687,378297501,95592094,27825378,1146934742,190856579,357659052,25650098,275212085,1395031536,269087156,575862529,60383887,365647545,2770579660,235833953,34654340,201070659,109275552,276422239,282872556,247067363,781584506,55873764,47828827,420025812,302296182,272807374,37372637,49138382,466920654,109048018,2761365556,112019954,173154126,2285162775,1271223145,1043628655,863903305,446684156,139597739,301699308,730717182,377580327,2356813646,410075509,520550995,326321205,34443476,2471438173,315043163,886246873,384129756,129075907,2845586053,1351146434,17640702,332033585,220981845,278585559,31137700,1377102037,214621063,60848841,610229977,321165643,1248308816,1482457957,394821013,560656335,2423350254,152374187,45209364,253810814,2526890567,163359886,32710237,2830481700,975296791,31356343,422437695,38512501,73822299,322192040,2202086171,50546567,1056783637,108477407,362313671,2757800191,2916883918,603062323,268842989,2148984573,2933587855,508111008,299255925,349665659,729782346",1,0,0,0,0
"1773","lituation",11347,"2014-12",0,"2013-12",2014-03-31,2014-08-01,100,"45291224,926688799,2327828298,38089523,18342439,134894205,184616040,141628027,1700971891,426368314,2377945728,455145979,1969804957,38852826,98746796,291880155,2199427343,325235721,30360588,371252959,2432704253,457132347,38292041,167041807,195559720,832672705,104938215,32495619,1579016090,466135351,467210513,1325648467,152747381,2337942452,77044635,210280235,256371301,701575667,251017624,305791160,36573290,1695494491,132013051,168542805,1939421635,162235014,40475081,791480300,169827916,437953911,129911490,41935017,67158619,75860429,58614566,50868727,1145980616,38535227,230618685,88847318,90044915,636353148,27899569,2372627352,1439412769,60634602,62955056,30597579,24261502,86311084,160419844,399671311,15869279,2297617085,111919985,365328153,1384552333,991869991,2600953798,275816398,246097069,354676274,1146684452,257770775,66298648,328990872,126505132,251819667,983384040,277709524,1373129629,312873951,28879034,159690710,402404252,31404097,141738503,328907004,372655259,2252643608",1,0,1,0,0
"1898","meninist",5563,"2014-11",0,"2014-07",2014-11-08,2014-11-10,100,"40803007,363873258,55405682,289726527,1067210192,36588790,213063807,1552012076,59659082,364063254,783611641,82161759,124354327,1072327080,275919055,2535800601,42316313,63361866,615780632,465048270,149716205,52971815,214277192,1339571372,26435328,175224741,2318365780,2307639182,466160421,475489670,762835795,864150164,51194212,17424872,566533848,1065242467,2266517682,171256779,1349363149,98784826,820544515,224069303,178427197,509538043,346194732,1865792077,1247749146,174914052,93448388,2548968355,61810797,2526689862,846411924,255682029,1029719258,305378536,354579031,286010377,34795013,945289250,1584764582,284798650,813196669,84747659,332103590,2732872101,547043733,440432843,1733924125,262447206,339463429,1205301740,456264107,21133125,168711095,234176740,389770989,234514828,1885055766,319492616,2283073482,1648909256,850195476,243022274,386814330,82491241,223036395,443715277,164942222,816931003,288569096,2266204190,1263812395,58693787,338518584,2787334344,69770717,1105049942,782643547,231931645",0,0,1,1,0
"2012","nawfr",4717,"2016-07",0,"2013-11",2014-01-29,2014-09-06,100,"458794719,211187404,391057592,386229388,386151265,1891108220,423821433,429448669,234436860,36772804,308790614,63541885,355826524,309651666,2245531625,960407928,423820918,312922581,561174697,396349215,320909150,540359850,1141259713,366377189,273780861,449988121,1885036951,197143277,248709588,101159399,2183659359,231615432,614574079,419376893,312812431,344932454,355974108,630746422,287246606,127257340,406031794,754509080,521879317,299843733,46980214,2306178027,61624793,242136358,449391834,261538026,237313268,458967035,603283888,215681415,443375733,488836765,225182894,120794936,88341603,345701772,380579585,2675242177,1939803668,622494773,338537894,264649284,2290581114,316573067,78126945,269030691,81619536,222936151,1287538386,500302926,276254539,418462447,340695567,410295792,810184398,313557179,410777772,368059283,103693518,2266055775,2334246426,374779722,415226653,584933851,1856032586,344353756,774651674,203615949,534667239,87568097,1959792974,437850133,92471667,2199475803,166012142,376420634",1,1,1,0,1
"2053","niggatry",1119,"2019-08",0,"2017-01",2017-03-24,2018-06-23,100,"2892906001,1629326875,2244545138,41217462,335742621,2269623024,326031474,4280308048,553084509,189763248,378344347,434222177,56901462,4876883740,844311119795802113,57611686,1273969729,2550395743,2878403507,2614393615,184252730,3263317631,252755362,278860394,2841578979,346862731,2915173045,45994780,95911033,79341104,347654742,14144085,32772426,4354385734,2336068963,152408549,244016174,2455567884,994046611,472577676,453653413,2715966052,328458623,774752732557213696,277748153,862283251,244375276,178755629,496185394,2788440557,927632390050082817,2561779957,384088086,170365453,118159464,232033049,221813211,716795465069629441,2348693984,156141470,76345655,52137573,23258502,2493461261,846579837720506369,344173884,562393669,162875170,2568976755,233814911,616691468,232024418,16068973,362615394,2708391758,328263690,4010169139,133625718,59858229,616667770,49766272,329914192,831588220823490561,2329271801,3420927252,124608470,915363225230856198,235424525,3239754330,21473301,777411012,321024100,841883882874114048,262877136,539543580,20943162,328115980,797274861274009600,551450422,358353558",0,0,0,0,1
"2098","numbnuts",1992,"2018-06",0,"2017-09",2018-02-27,2018-06-08,100,"380767025,377651173,3039494043,2309151817,28697550,874482969095708672,401635691,60120444,215096458,240665149,801075122400595968,2740812872,271010855,69139197,251964007,2752662875,385128032,778835228,62938629,45480752,804868784875917312,2424603336,2964744772,1334608099,621122011,361064718,22542949,21601501,53664305,3307659387,460574463,21047975,110218308,4654335842,788124730612002816,356479381,871138065720287232,820514154,473681101,491803325,21865791,3436127559,178587896,1327275420,1525168716,930845942,3091491404,440580636,288628855,251805857,818513648,7009662,17068558,1626463495,93415200,180131500,2961508606,2962693210,18335624,783423829200830464,21120500,479536573,165566295,444054117,159949992,957691870188003329,1129825928,329838136,65003619,55189729,33570399,316838497,2613803209,733616827,222188056,243287687,49371765,493611506,74386780,37154010,141446300,763897302952054784,461163330,74609379,17261349,335321570,940579435,417516965,20825177,145071763,141314794,424708804,2811514338,100101797,2806501396,2871283238,916437952775049217,42830081,1401600902,883112961186947072",0,0,1,0,0
"2223","periscoping",2457,"2015-08",0,"2015-02",2015-03-26,2015-04-18,100,"149119936,652193,330496178,17736965,23679582,14080017,346382699,15799272,1160821,115396965,14694082,802660254,80359451,104579207,14483124,790249,11392102,66566146,192824559,16941166,94215105,40684667,9637422,2151647192,632281002,28918980,1169760512,16401961,887861,19165131,8152132,137613,78833378,81461257,1501471,937744519,50667855,92577188,14218051,17681805,15282181,180171381,54994166,71282326,290157413,1924187726,16489621,351395835,885237187,2959980871,16576723,943004520,20221325,46560539,95600845,81916822,1963813716,121248535,14601679,7674792,2608911,451569736,20763870,265541568,342577543,2419412604,79523543,117468475,239931583,188742147,688483,4808581,266865159,663353,2335673472,599523699,17933838,259789256,23660013,35168090,137913999,136001917,30251254,39564416,280209496,13142222,61306156,391111502,2888020142,19046875,23963152,2247715436,76794797,325314732,364412285,26898420,14463726,346207799,34659380,20169711",0,1,1,1,1
"2347","pussification",1005,"2016-11",0,"2015-05",2015-06-22,2016-01-06,100,"325054889,44980743,291271945,327733153,191162512,21175157,104576154,242416481,298345027,1623584192,327526732,24448366,21051642,1540193563,564857030,49809590,818143423,80385238,3238051146,1510724276,44665928,16468883,293267782,1013816983,47160917,235755257,228100863,162289496,197614369,167010482,709635841,19618873,193759717,19365750,340674428,329681844,55651872,234949156,99060036,450639160,286427000,466701835,342434086,539563042,30091353,16517141,112029217,1296707761,1087636302,274214062,16235375,19074802,398317733,23487221,3188213730,315878798,1830398238,364057579,1262189708,114560986,2881660405,2688043160,38403169,427627818,894831050,704521548,548802093,20189232,474625020,216951483,421948893,539568768,418940558,29897650,292542318,37491010,1363144723,114831500,412054379,74985151,1069749984,101262738,279337932,727509853,626503046,2966188357,107087730,408005081,141047789,499331910,1054032661,561654065,78292919,364735409,8559392,114342695,63313322,297228574,316769025,38775124",0,1,0,0,0
"2376","qwhite",1159,"2018-03",0,"2016-05",2016-06-10,2016-11-03,100,"1648215312,21701854,630601375,233898494,208764504,86893757,454322181,37018260,2845603700,1722964460,1915612801,191962315,255255602,47194789,1476345186,277233856,499422464,2318025950,148170931,2876624147,1023608540,279527740,811039862,27736951,511539745,55498350,281344938,373096440,546179263,314910777,292047750,577550236,176270662,273718012,535611334,323936433,363870473,345856422,71073195,1698264612,451230064,1127068884,1130008945,318811227,1383400375,352421634,3100875382,274741807,250468325,34119202,480919278,107493793,733452934776754176,324782253,319796232,490152707,881392610,1105514082,746317106,458082787,2160909224,236083359,454384299,2583046134,3011921100,2451381744,2916249171,24861904,989993822,493559559,2701609776,940093327,217281593,333031411,18958597,500399074,4163497317,1594554397,1957930711,727583210931138560,2467920593,291148075,157503275,167487420,2896675811,286998245,235755257,3305484645,347927511,2963312746,971052588,434935421,322395484,834069246,2569442030,447512508,65857603,1889198071,811305416,607830276",0,1,1,1,0
"2403","ratioed",1053,"2019-08",0,"2017-09",2018-03-05,2018-07-25,100,"344863445,1953264426,2226188132,846120566,1087146798,102807848,2551394742,1261750410,22820718,323515890,522163750,850477599344271360,56826914,15048457,785137,18150780,16335744,1256101728,18300968,843930447663058945,22873033,1448413146,336759916,381678556,15184162,855509550610477056,576617299,745773446571786240,35477706,14450834,578665967,110073821,2774114130,19895877,17563851,10825502,734216150255570946,38142033,19615335,19125303,202375506,16299754,392773457,14298769,354098623,478804516,607636586,2987648555,390895487,2196375866,791859961,250978793,23669069,56761935,63019534,14850109,245441097,987500474633990144,3487647673,35272575,118450261,24721554,540628749,2785625957,395422013,231868810,4824038954,21722318,3122256011,386309481,363269363,3361331,489857335,76156485,17937100,45165924,76553361,893065421338935296,56931866,49376425,15958244,74939904,21990431,188343111,206923789,24546614,136434222,195123082,633305487,913983698013274112,14253400,884079454296735744,899975857,997442791,138859582,2270376266,192935052,318692762,801998789070491648,148152409",0,0,1,0,0
"2436","respeck",10510,"2016-04",0,"2015-05",2015-08-24,2016-04-22,100,"229183945,44743557,339423545,176877513,20520813,2155978476,20172612,111113352,512482045,359222846,263029241,1932269827,35818542,1589374291,89350847,80430863,14448354,2502700137,20277681,134837650,284345554,15234167,553008999,184147455,53088528,44239628,477176667,34175683,54752569,474258069,576792686,270542339,37359097,500232235,938165030,388380241,1182916165,245669612,2196949363,308837516,175908910,3055097675,256246053,2724109963,2532173195,63387901,3037509737,481698828,428685949,353335465,1152403088,2700701132,262438377,2336689805,274668499,230226260,78132892,349292196,141753502,471339706,31630000,44369257,4809526171,776967818,1188557444,160670720,252261768,2476078765,197682273,27123514,2714065465,29073662,322201054,97470366,629884972,3205158203,867502460,453221779,2426144702,2395575846,2297813595,2758843408,246051655,483008225,2556139635,49488290,897790746,24734286,2962933133,1511003124,22281817,278274216,35592718,156082757,1975927508,44261045,34067627,2900809046,155107245,1013662368",0,0,1,0,0
"2535","schmood",1226,"2018-03",0,"2015-05",2015-11-05,2016-05-19,100,"27055767,244298784,1292522215,910393050,54387996,156056092,1628434946,156469030,50414988,3316319211,24438134,115044346,64313006,42149395,372935650,392483840,212722585,26883920,410249898,829914498,272725334,262024439,1421039148,620658738,1055457823,3251287975,18687768,166055029,522401596,25036146,74734235,169325285,78158405,93095417,2314656505,1452674802,2504608976,2910172929,14562000,27108396,235672023,100534727,2227196984,2888167468,885543044,3236379991,176472805,218301471,168861771,99439971,2678130680,130622646,3350147597,1561162171,32490314,3886304119,142524716,26324373,300015961,204103562,27899569,732026659,291847546,1551781644,301660931,188472903,62705006,52580599,271573991,2935735917,411472680,180449218,707162943281094656,23365714,300003043,501970868,214719544,319418242,2876262278,2894628916,342671374,2601803476,395006493,2842326411,2442913634,450403394,601565295,2441965524,411227146,227053679,328225955,51369698,117205907,230586367,3298039742,1901608614,327553577,2975554378,2993447985,1058041224",0,0,0,0,1
"2638","shitbird",1008,"2019-01",0,"2017-05",2018-03-07,2018-09-19,100,"14625899,825706447283511297,976947433,27717235,607655933,60412782,14205300,91620105,74878213,1977538452,864838991681650688,83903787,456068117,259870910,18157394,2925064521,1173602827,9154112,611835056,795670292,173514515,30674865,819456265029980161,198532954,145483674,11182302,38933135,2460711895,1024555525,822544851468165122,791689835060850688,36837724,817959029825798145,16250508,18827740,2342466223,75640679,17976407,360632084,2213981,302292749,831287148431175682,21429721,845086007078797312,61027868,29801524,1043371038,2959751800,15069498,37829027,968723978,101311541,101810576,195575801,20930376,425538470,21509532,259492037,785689560504274944,14591740,804484451686371328,761923895192612864,15755670,49199847,873193460504965121,18140708,849739109883158529,69679166,1152113275,14850109,833161799499276288,3195966913,949147534525587460,31563177,466971980,390223259,33324015,792262184,49210897,21428883,315394640,19222381,22988352,14470354,608692845,19668592,426107862,142874400,635923278,7748712,14745490,63104833,449674167,29494148,300769047,63797984,19572624,39063635,43927816,9757512",0,0,1,0,0
"2650","shitstain",1479,"2019-08",0,"2017-01",2017-06-06,2018-06-19,100,"3112022450,2110771,53988379,21692109,30449217,16588433,188495746,289572264,50892034,740718817,803773901842984960,460304181,283789322,2749551657,143288338,191880864,724669842586894336,16478651,2165869556,335154388,18957326,16587402,1468686096,90526709,946543814,2303692536,18932122,466679767,229932742,3427386184,2362592550,739844197935644672,723189324691296256,1543915364,23677175,820409842103885826,237883857,17527400,200250384,45993,634946078,2166639265,13135562,1363474712,8508802,730121184,39841031,27943005,14638113,62117895,930848552733069312,265088869,28391728,2211356904,284527272,32730285,785880679,747383291716771840,218521447,31505057,2562496693,296019675,795383073026101248,29025480,28350379,14319884,608919673,16982736,360081407,191868171,34485253,16050065,43231659,63586675,3139887343,2945923329,763459830640103424,511102836,520900379,4123222365,9422872,20009913,971484177420910593,870638095,450308852,18523773,857294191562338304,316480207,412350904,16504768,26149975,840459291131801600,393370739,1187889564,725306376852000770,21566700,17625434,471199474,187495677,151766733",0,0,0,1,1
"2664","shmood",5008,"2016-09",0,"2015-05",2015-06-23,2015-10-23,100,"197998738,531857542,925512644,2290803002,139549219,56369784,718315541,51301286,307111569,26449654,2945676049,255269823,1909316430,250418105,87554095,599120851,156372993,1014011215,2464917627,2319305301,2855873794,2583335637,1726901738,32488613,2992556986,387271780,452553994,115983459,52747624,34154850,398910769,2242794532,3392245804,153121066,221259521,619516136,2966903297,3071625342,2246139900,1964177743,2272187661,2731483293,924518520,2620120807,739763329,29263597,172946054,3164537103,2726875115,530806841,3330981734,103917584,2160956699,1401186812,3373006005,2229164564,101390850,3333945970,2415158289,956763884,609620331,208945635,176871237,155419510,273173445,29318806,2757475218,3206917636,2155114641,145420450,3368820575,553762388,347221821,1069010832,20886505,54217049,634427028,325906484,3031768244,842660203,2764822138,1674897848,411643409,594283545,231506533,33753418,381208287,189266258,1470878688,22070771,971642474,3066081844,898221260,2423508034,727648700,403860977,1411594369,412486702,3386958214,318915006",1,0,0,1,0
"2702","situationship",3958,"2014-01",0,"2013-07",2013-08-27,2013-12-18,100,"24662980,26856586,67323296,339026821,46916355,26598556,231586439,27807279,221899979,66877107,766784306,219181121,123193602,25020417,168964788,79211314,296394253,777249186,363893361,599096442,91261320,612212374,846787897,1302801996,1188019052,138220155,125791820,393739781,214616875,237823416,396856024,292194003,113864936,242156460,237616115,1630220808,22529655,308197184,56544541,446547728,498862445,232649720,328715036,16620588,821945352,36110944,350731720,227726301,139865840,422278536,186640399,964008061,35230869,18297767,1709143471,102789907,36251697,182693726,116861700,48733750,144565355,561623238,43218821,312387625,1539610621,152724951,130975743,881141460,156908195,36236996,147435634,18523773,248960513,50546567,615284550,127885868,335694259,128028228,318105593,26865793,254783406,117649981,832267608,55025693,233675180,37021548,59575007,37085823,63795719,45815507,174882979,222891681,424783273,237945152,494405902,286313884,297677763,105217700,355861594,431727937",0,1,0,0,0
"2704","sjws",6430,"2016-11",0,"2013-07",2013-11-27,2014-08-24,100,"39427248,18345527,846945457,417007734,1160713153,15013002,5165951,2148563947,1007240928,198517146,15342420,327734566,298040802,1513825298,1918302530,860575400,386456795,509727411,477974971,16635314,727749384,14554609,42037969,237915237,371142734,263037395,338124538,500137728,91538041,168769498,15103056,205920385,86785588,482388629,1031956656,614820968,24649451,19343442,1449928195,128243728,61686723,82439862,96256810,21169957,1636852644,71079669,1160890380,170428860,135627418,266146528,23141473,911391914,2859401,2288820930,46904795,127014546,38490799,299277303,14412937,21093055,14456685,176238003,93534254,17597031,18926894,2211021408,238588618,40787562,935313966,89305050,14653877,36781945,146962454,166866453,28351472,56949838,14124529,14374402,2299030765,101966607,185070700,337903520,4979801,108433481,131243097,1881202560,186608396,18494029,68066254,14105609,1925411982,329894805,1633493004,214321611,121361002,15566199,62433775,168890862,465237068,406608697",0,0,1,0,0
"2725","sksksk",5877,"2019-08",0,"2014-04",2014-09-06,2016-05-20,100,"626712875,969025784,634951778,429569041,1284986168,587950453,1643917100,514832277,635127325,1546533248,84517502,2567393011,2490530836,913525153,461259904,589596336,2814113999,52306707,1308712992,1881069596,1013706806,705751840,1902451026,1161244813,942394436,2609013605,1862799451,1064278980,1862487564,1149072338,2761505839,441140239,727946324,1099545289,552835601,571241678,848118176,826270693,1694692117,592959065,574077498,1265697012,3228409794,1942428762,848891754,2753893032,489750302,490046953,1480200932,2574123283,2999054872,232773904,181361400,1850155718,3092221973,3410689809,511164041,163305706,1632102888,733698745,1548817915,99998786,405847374,2574591905,1562093227,1475201078,3111755192,2257152825,2482815228,1660948160,2604132325,2492679364,591511350,2432777697,2934253896,64788267,331914655,2279827566,766953678,3014442316,316701027,3187333850,31446190,600486209,1855885202,3162039789,182670804,807985542,557324486,3075922943,504828493,4657386797,2604603842,1443943177,306853279,904370588,2913948921,2740939661,1275230502,1446330600",0,1,1,0,0
"2726","sksksks",2677,"2019-04",0,"2017-06",2018-02-28,2018-06-18,100,"749477072746139648,2233661628,885310491589062656,872082272081637376,875825687751413760,4314141557,2352355136,953993448,1959373806,2584216208,2442808717,566749274,953703109,174173970,1305197172,751128256108171264,702286790326145024,3231102618,627151740,3113318846,1941945744,280036515,338138528,485769600,3179954558,2910259044,366819516,320576157,2915327870,261977510,1357867938,874412403986976768,3021946316,2337189458,2943193716,2416562939,3386771505,2227414212,856375692975624192,2191606261,1191809436,781525258943725569,4276984045,328749871,3248674420,553188122,872585148407173120,481581153,74311112,2155533824,846718832098074624,2731000707,401606263,848118176,345674688,3308475146,75462687,312263247,93954516,3194058744,845305445887741952,989092674,834026417235042304,1939540586,3054718750,3266709444,3005739790,3300174858,1014427430,3451206014,2629319243,23226445,260492332,2227538268,3062090214,524051509,2909634510,974784458250321922,1360837279,327099610,884230947620536320,93762000,44711166,2889973287,801951704375848960,1276287864,702697303388237825,3118223185,98279327,966614149907275776,226702002,2725516455,45411441,24533406,829073478,2183453234,405611348,785272024180465664,2275081020,1521094836",0,1,0,1,0
"2727","sksksksk",1979,"2019-08",0,"2017-09",2018-03-24,2018-07-16,100,"953993448,2198103033,1941945744,280036515,701599649409458178,25912506,312263247,3179954558,927935169369079808,2347754400,3132351455,2732625503,1276540489,2731000707,2915327870,570476167,491864847,788120629,901682004424523776,795466504456130560,2341429523,485769600,141416709,844956888072699904,940248846101303296,1447417682,805973508736094208,3004123682,830568745991073793,296640555,883128150854684674,3425296720,2300097674,2893181744,566749274,974784458250321922,2529325978,966614149907275776,3231102618,2910259044,713039226833645569,920927684791857152,704079797245227008,2760940042,1253234924,173279633,783106120130916356,3283757666,863929212415115264,3290089201,392301731,1679259103,842932082,846718832098074624,345674688,811652989,3301335517,2307635675,1001534569504485381,2263723537,2538929740,3054718750,525981208,2306341269,327538192,781525258943725569,913425399442497536,272626609,834026417235042304,2940104340,95076291,2647218254,243337865,2909565614,1431982686,800620583260016641,2928705153,832404732270485504,716245321542569984,769150622599872512,133384596,1722912390,80761610,157429545,702286790326145024,3325636830,735643364,2446204417,98279327,1802605332,330030042,30463920,3519528856,353474955,2264978779,2437382545,621136931,2957385058,571322566,880833182",0,1,0,0,0
"2777","snowpocalypse",2501,"2014-02",0,"2013-05",2013-10-18,2013-12-10,100,"67232519,259083443,1474197223,366720485,48633265,39781860,54024562,31289390,5424492,124639387,466892454,24230857,16118002,15756703,190115206,155493173,10820222,73221744,135952228,20112341,15192889,168349788,110031075,20851985,15938085,1589914476,483858002,26431179,358187785,390532230,44224583,55757195,14449009,4047941,297869779,117404750,262293426,18324531,42503663,20882877,2151613896,236731964,156858102,328242307,823601755,7671092,82966806,297008745,18638169,325959830,24392374,83852643,855561858,418243715,557998820,34691631,263009817,341042647,17917212,160433111,301451309,22432496,1286543503,62231068,22863726,23658195,15528260,1567342363,481479817,19844061,100433660,56728100,21272783,151307391,260444176,269614651,45910799,26164433,55390160,428655701,122867105,1312413097,24230886,462433301,25785570,336037521,16279572,39512415,94619438,16507290,14562004,387855124,317395915,1906522806,41973047,729438630,56002082,28881949,16125224,19082710",0,0,1,0,1
"2819","spoilery",1061,"2019-04",0,"2017-08",2018-03-22,2019-01-27,100,"66700323,3367295894,36294717,87607609,21722109,18922142,37745056,49809052,47679345,260228891,18193434,1549745244,377152007,180087696,1949752832,19303706,77316230,16553965,13447022,19071113,16875927,18370068,2611723723,259494346,2141771,16024323,106039637,3130957492,2945729238,786305203,952482708,803672934690734085,16036058,1491688435,21093055,10753312,19433122,80333792,27173064,214510366,15304264,2882857552,134530798,1468194306,15614252,54343756,128387870,1449575527,35768982,180294553,32423630,544539878,2409199930,14153382,65678360,10209292,87118451,28597897,18768255,2437719781,27135426,151119910,313869183,41419967,145112542,53952901,37782427,169237966,26535695,9781242,330631819,319282631,887907145,634406976,24996956,23598344,1152507954,102818403,71689151,28088585,15280217,384030408,181817288,187466024,65277968,2325023010,27449834,864122770476740609,126354972,72743480,191250596,567964192,15933993,1240605858,744934804576153600,22733978,110634602,46749346,259107046,3280170896",0,1,1,1,0
"2869","stummy",2874,"2018-07",0,"2018-05",2018-07-05,2018-07-08,100,"265641586,471578479,585346129,4676047038,1355670828,2150320226,791840459568115712,518085975,1461002232,721200717,2951566609,2217188659,547839863,754407476,1852986469,2460431288,712810769927184384,326538665,24697236,2188779798,266245596,2211570437,484907727,1536035731,160276691,396297242,616918629,40764798,4455248601,711605316232810496,115796069,2321221703,867005360,2304121020,628836612,99808267,4702931318,3309771988,1376492582,540381053,778447771019771909,709816279,382449561,393636238,176614747,2199901076,771907188172419072,3127725624,1870034904,1957746247,1035624578,22513648,55623906,344319891,579576676,349567198,2366006564,612666539,2177595581,550569710,738186276499640320,1276200360,3145501512,176489107,461434621,361067471,161508058,397073812,1278733471,2423170201,1856102586,2236429963,902749941612863488,1395079092,846217322213859329,590280790,2542196116,1688359440,419826106,1672198916,2889292340,983743209351335936,536656151,2647132170,1270605482,284339975,217601098,425492812,1664770412,1281941779,2945439482,368080630,3394835403,2670143639,771864229,2307009054,3017560928,2280291991,379875058,1099755536",0,0,1,0,0
"3032","thotlers",1190,"2013-07",0,"2013-06",2013-07-07,2013-07-07,100,"315621982,303805862,305653873,634517095,140536260,385258837,183065111,253408306,246124770,627576215,614076618,287152310,25901942,946635030,211988533,266932770,732240908,571194548,407368052,391723950,187202677,207265177,376935921,329311922,546859900,319401659,215103323,554578443,385146285,477137787,272988074,319713129,846733754,331387381,614077292,235450561,342739237,93777980,349976477,391577347,435492817,400976336,107201513,570384087,468968186,199375648,565444700,559053061,343069086,811889490,271548840,175480442,167062772,729722040,324554445,21979275,1320583322,1499274294,210826914,343909290,874336478,304697030,456401027,30535189,123994724,145338290,1546505870,81749045,279504759,466771007,294331049,401101090,341510987,27120041,636737192,65153358,1555042874,408602014,168571129,703849502,281805742,375819465,1302303962,791723408,865102052,842837438,234229416,122901221,831373856,55638156,19613793,65812563,260997827,49816579,232288279,295177287,443470566,601395563,99888250,279066195",0,1,1,0,1
"3056","thupid",1204,"2014-01",0,"2013-09",2014-01-03,2014-01-07,100,"796578744,1078075578,414409396,26606812,548695715,528128210,198557013,395679949,424569140,424562726,393176627,366878485,39358229,391804661,935572850,255207750,254837342,601391496,427666205,95823019,328887781,565679413,568793166,1058723642,880672032,453382107,743193980,358136032,372526174,732816158,547479975,385198513,85483006,334415185,320728639,279670732,259097132,373041164,1156798974,446075369,263856143,274697011,339069033,967612256,246138781,40089257,316017981,755820451,325719195,402981926,335730357,1014262208,475577033,1328259528,281690364,334825103,337474583,485250984,180471870,325983794,374673313,994179320,118899270,1031808313,97673756,396831648,383545684,348247753,621565368,350604578,194890969,1240089428,254541685,213128834,331236534,135324117,744082345,379433297,252327281,970721515,852318710,1326103795,633765713,112749912,2186208200,726001206,406647811,441155795,490090830,745687436,237375754,438424429,251693961,54797893,1014035516,464934140,282860434,739184334,559991027,44539638",0,0,0,1,0
"3062","tiktoks",3788,"2020-04",0,"2018-08",2018-10-16,2019-01-21,100,"770529122,55562208,632186945,422966358,2931045700,1609719452,517125097,370981003,565978250,59327963,388921572,98774914,2750843064,1957605510,3302390358,296898709,2434537202,2909565614,417301762,1726288838,499330554,2595223951,40351046,17443943,629629224,1707152006,2725118305,30817667,1515109801,1528512588,308738126,1339289544,963745189,714779764,451749651,768215566507184128,62126789,832057213,2837599856,587187911,1892043858,831017227994271745,2893163526,1697298450,903716912722579458,929879002503942144,15990298,3431465533,3023192504,3079682698,1013268536125468673,411206215,43800291,18205531,761606231546957825,259481206,22919097,2808964844,358293318,342300035,1268409793,16037393,605416821,3324584269,538154882,338129121,463555327,1077101450990362629,324062780,737051020849643520,518055142,280338710,183865287,3042077575,737380404,995584615795646464,1036175952,613256560,195514124,1038430942510104580,262896081,3146721577,1099050968,3648097515,2697053593,442278667,51327308,4237836497,3543023959,505050601,26895882,17637450,972593633877790721,1112792508,420513955,701225820384169988,1362895778,368086810,386631907,3151820683",0,0,0,0,1
"3159","twatwaffle",1134,"2020-04",0,"2017-05",2018-03-20,2018-08-16,100,"448198435,3310871916,20168370,65223157,120940715,800508386085175296,54222811,115111506,18141243,189671022,829908225818365954,227487101,289702880,77315626,1387015531,195481260,72462260,18839937,1378713350,360228506,738972234,46189519,2740842417,14197312,4085912423,38013098,772497858108923904,354706472,243301338,725934620,36430338,597031193,445208882,121947772,720890208,1027734648,14667911,51874304,299942856,532457455,63600194,301079726,737409493382795266,58053457,30077431,903788373432610816,2799135192,27512064,260599187,609126936,48047308,2999234655,939159380313993217,739949900109099008,363253292,361344062,305697207,7682142,65508187,2763526118,3809111295,497397961,3283686031,2932790564,898062264,16994371,18258253,815266230504456192,183421041,19198637,100085546,473813302,3254996818,22529246,36217923,1390679216,21251946,776696966784790528,325303168,277727876,25182633,29365520,2544438434,2876200200,2398371445,22973287,2437028190,81471003,288214906,21571639,81651327,80468102,2298722492,903010268975849473,59733512,30123985,2824670287,1020070232835088385,26830039,17141349",0,0,1,1,0
"3187","ubered",1110,"2016-02",0,"2014-02",2014-07-18,2015-05-02,100,"1400191813,21344450,15051557,215477522,39893495,30814320,3932741,153557914,581406712,45891379,15489165,18896846,21428883,372409476,14921993,329973671,19727668,1332448076,9614422,1406396274,293586747,181094919,272162016,24735362,17912169,341233888,2193231214,336229829,25714622,1260291882,1729417867,28467543,553801339,278365885,7432862,393284125,281158927,1535435072,105290832,248352248,188380573,1496645474,15852140,397573199,16860691,24229177,17115595,1569519410,29005523,268614302,568722326,1131755994,406054584,43788214,851130534,222282513,516675362,14863357,26793599,2164199731,47746104,39721599,147083899,406592330,435278523,510939655,814482296,369845314,562635438,1033914804,1517474846,65256473,897751488,316234138,451769902,2538112338,446319302,2493588035,74890891,580394945,955396994,432076251,408203253,1315170871,563907943,112606600,101375079,511379857,2858135963,34758850,1898795306,54385761,235007951,1578483692,99883702,19175464,799738130,1202597484,174142639,863773262",0,0,1,0,0
"3188","ubering",2729,"2016-11",0,"2014-02",2014-03-28,2014-11-09,100,"16099260,197141387,191727447,25903006,119421077,499502904,309191583,4022411,14448173,331860897,251375076,172238275,30546020,14470009,35812744,1553920118,265772703,244768190,307685018,15635839,73626238,2476381230,236765582,1532276108,169575661,242409977,532057722,20966928,16403,19130450,792771720,130750098,1621163390,114320203,2374931990,368896349,14421873,825892556,47798278,104071721,379993970,100710160,372577928,17439965,17614569,20538291,24811033,15527375,106222677,5490762,21553544,348258052,72790202,312743726,16556408,2259594150,946313712,20835299,70276591,7356192,508378033,16717717,16281036,631741739,623167573,632322997,21690979,432938849,35562243,14767954,310465678,1462658898,272162235,375177049,28113285,454595997,82430398,219181364,17856919,386936468,820892052,16537646,19904963,16860691,359168163,480690671,57205756,27585324,388665210,17115595,15638834,14111434,52632347,29755434,502355705,1964182376,2525576654,20523212,1448010756,14877600",0,1,0,0,0
"3189","udderly",2018,"2019-03",0,"2017-09",2018-02-24,2018-04-22,100,"22627669,714591828,77286586,1475416596,15360794,19395031,297746647,30000861,882373502,457610242,238178024,335546670,26028968,14170130,240102387,41590595,191653691,1769091,537966572,500194367,86102832,201700507,267400764,3294031215,2710278607,392325927,47453344,37062881,15003180,294852509,2962244961,94488871,50403486,14304529,461700954,116960759,176639438,689253,111942588,337398205,321611782,75810875,256880421,383860165,15136945,263020150,1101473870,1148467260,714642543963561984,46293050,15928102,174001915,156402471,830486714061901825,1066549405,72398549,522371328,2448468876,49767130,125773363,2222560521,308560452,35751772,368596822,2881257697,14057243,2925075200,16392521,227697746,25192573,773676552794013696,356614702,57293872,961818324,55655139,59189676,40407100,52110732,2547940859,15386144,90562563,45998547,1010127566,44988038,231076143,481365292,91148476,80934104,16986336,3942690134,7016812,22717773,248942836,2398371445,240826779,338629939,449003166,4257228111,1632988831,25791201",0,0,1,0,0
"3190","udigg",1753,"2016-03",0,"2014-05",2014-07-19,2014-11-11,100,"182958867,552742580,38256892,319646415,62152507,1930471645,500765633,2509027987,31040758,242136358,363317516,410914216,290736658,164063799,35556274,2682463496,29844009,239118499,59701152,542322663,276254539,59657502,131723925,491359535,450360262,511012096,1853224789,192749414,818623460,324719378,159633772,39062641,29109625,293726474,306545095,1270791756,118792865,1637203508,230328555,314045515,215988466,100800270,617309328,43482933,546883314,337466186,400261245,796347871,463923025,576055619,163578062,214712293,122785826,327569565,1720752079,302710075,308600579,302868130,229585869,561535117,474052197,2497581266,326652172,542934754,1510742468,622494773,551500497,103115653,289144512,306334235,555463904,594246723,1438427797,235022324,386151265,516191239,238763290,441059290,181173727,412790848,1861729796,2250889020,2271454837,785757319,283323912,16827333,576285026,217279123,404319319,1539327271,381233651,101625518,21572801,143648746,380456988,58067232,246575833,2266269973,964774160,630746422",0,0,1,0,0
"3227","unstanning",2339,"2015-07",0,"2013-07",2013-08-29,2014-08-19,100,"414617487,898754600,966901712,316701027,322742808,1510888303,151526949,98745059,23509201,426136715,56318491,252889302,314898912,356361743,363061154,454381615,225951967,358067916,29036253,587046271,268270450,30587054,240528604,251181507,241316195,1315051052,379512397,491638419,63315342,489147869,341647180,1100017892,970399508,983787752,91900317,228106225,153215049,1281790656,1279121108,1973773945,1947922675,161106336,32476246,330441370,1307808607,383057320,120598463,390255244,1238925204,233310662,388676528,96233466,27002063,601055355,371287868,174933353,30058582,251944840,286957135,537658594,2177095871,634829776,40749460,1409491250,516004775,292685961,203344453,526811120,2226042834,458082787,2152110874,147412307,1352257681,711072452,409609688,225904956,343234997,598773188,571241678,496687867,572235327,848118176,1573475455,712885663,490046953,1090976810,252843523,1267387321,589568745,93271624,956421446,36979045,311828794,1866888078,560798830,240136406,1029443174,228593128,459746418,1624127250",0,0,0,1,0
"3231","unswallow",1575,"2016-02",0,"2013-10",2013-12-10,2014-05-02,100,"231975810,856809643,237894732,543029021,256834887,1606616342,447564247,1839292350,389827626,758319702,750750349,748475034,918020785,51489779,289129660,58531145,1857947658,161036844,70432987,94117261,190006197,523918786,1006689218,2284578021,250936108,22826088,190912742,477177986,916971162,248481909,324626486,880758307,1244554320,539642089,176172346,125814674,335012839,818358451,2353950126,527686169,1067081034,363493179,160789296,165228646,331258808,573751226,265656071,872499091,35129685,921590930,454309338,1691137345,581367027,528026234,351935235,259107941,433172599,627152626,756372331,807706027,121929626,38123767,547684086,899279402,513460040,233695943,349508999,264918114,543131183,238100853,1609578770,637167892,544662161,433094757,99443237,1152659984,422644062,250887960,535721825,824677838,2150123459,627512641,607689813,996164756,545680978,231567066,100067666,364088174,2458816902,1643849581,418319873,588849831,412214324,551591586,152642478,84750818,69763758,780911815,1915679316,250854065",0,0,0,0,1
"3264","vibey",1655,"2020-04",0,"2017-02",2017-05-10,2018-05-30,100,"2355532363,1043986518,3487033098,1127071706,365586793,633405119,3418213512,855506336976691200,33830727,2299886132,33679860,1042511629,31460315,2688834271,11776322,268841296,1576651705,785375154159230976,3051642460,3237546058,36871322,898740007,4333493675,156705670,58693294,2930618318,119301201,305956374,32846196,14520108,385174637,796361722671964160,3838169715,1190973733,79309608,557069191,92773448,242652476,308069468,3435569410,45475949,2222305396,449017081,1061481044,319546732,578723168,2556293608,2762125193,719589056,357038573,307186953,2784692848,101351706,127564411,369298421,40535292,128315697,2440217149,110454860,3292043291,719488470,440125985,465558704,1636634400,197953170,595787842,74897680,196356625,335607094,36412322,2383569894,368532771,929039903618469888,350103745,19529578,1942938103,58655028,74510570,370493379,3976864755,36507857,226397943,25877444,40091797,185087840,474390298,1069368907,64267590,25745273,2912436121,134707295,262878060,2153581094,33353053,531737275,2883508708,2965401441,1056895321,722540123783438336,541029705",0,0,1,0,0
"3309","wdym",5652,"2015-08",0,"2013-05",2013-07-09,2014-08-01,100,"1333022221,331479120,390864932,470167189,212845140,378355248,145488407,506534353,112834739,605672380,319679665,89957237,335803784,1206615450,388086348,397694002,521058480,1038910417,857169763,484366251,263397909,445634028,1608524179,155749290,422311519,452073282,37076769,529142008,626483001,872857244,53310725,1320830676,783926168,379918880,320019591,951784753,99653191,361623628,407946522,1317735050,1539767120,845543706,236646062,302263971,1733867304,616628682,1605436867,130286673,351311489,484188583,1173216817,1529503843,2310607511,1508957678,137541989,471833175,580362870,383465256,1904371417,1950602210,1558825195,1413429656,504055443,1066525435,412618162,1956012926,592430560,556307893,177001755,2333270862,264711419,2417064206,1029044946,1236156830,393097017,1714329547,1257488730,94185646,148874839,1186597459,227917238,713302716,438733828,923113436,724367899,1594550701,533624339,1370449778,940151736,2224126064,324164908,325756045,583224932,338819600,171593590,2259225754,1321513988,33144455,483540595,1332429894",0,0,1,1,0
"3343","whomst",4710,"2018-08",0,"2017-01",2017-02-26,2017-08-17,100,"2825011590,2267801154,324590767,3209508789,2331345758,2957882347,2299325714,288781040,2497505275,237524659,14265924,3897710112,916828195,748513496,2196840206,1448133924,26225897,14600817,1930632900,2548612591,3250213735,1628519964,1120901544,3306225774,179294316,777247261441028096,4562700034,260522807,546336583,2844869047,333563833,21903879,28742539,990116622,19172564,1492009622,31084725,37298017,424554512,818416596,169210855,4353765627,732420302496354305,3327327156,25937199,35893054,18492909,608692845,2250918786,261864474,2328018008,2242882158,23149805,3301775260,398375857,1550966070,3037556102,22919097,494319665,490018011,2300087177,1325673451,29065525,53481293,328135298,3003970451,137875675,604158413,2270767975,2575665937,1261155637,395547697,257153481,597118431,44232771,25018803,33050272,700748198525190144,2987341331,351705543,5424492,1349943242,441022664,489900577,2177112410,739979643462266880,271609141,1902617196,354534959,15468937,58972692,68581016,18596765,345960623,900868159,51138530,96017659,704024257186000897,32218334,193347958",0,0,1,0,0
"3377","wokeness",1385,"2019-07",0,"2015-04",2015-07-31,2016-05-01,100,"11065502,1658095405,3207680283,785607170,728493547,854189316,2978039419,2394105943,512544220,763847892,21633042,50202537,18052474,2197933620,47307465,472538042,756414390,2223747307,562369187,1535478410,347927511,177028041,1126075632,372074263,2256873915,1586982475,2375805470,22110387,2811719940,214666814,232670495,561496091,64579605,92631130,519198789,297043627,415202642,2154911561,842727464,68336500,2616454424,460444548,263474444,2511613350,18373034,367420089,311765249,853658845,335447585,18278257,198532954,32617636,14344402,166066162,14578312,29323190,49662987,997526672,3258785612,78032650,398468172,16540862,14592648,423553930,1685319212,55522161,19273,2322351102,40684090,22813645,790395794,29351733,2147534502,30585025,16249176,144351126,108148552,1419982802,2328401,19213966,915687564,15777764,21063822,1167111524,2988601,15258782,382927133,584797578,231916812,2996414140,718663934,204074804,817083,21724233,513493043,3028330171,69204390,227452515,4121407874,2258995803",0,0,0,1,0
"3389","wottice",1777,"2016-03",0,"2014-02",2014-05-20,2015-01-19,100,"227904562,59511457,434970165,28949874,286196282,235816305,35439489,577484923,173664836,59863513,49790435,100391395,158209114,241316195,1238925204,601351596,454699687,225904956,326323230,630447684,177402142,230082796,422947062,1332302600,91227161,114254742,323019023,358290379,386937617,748736412,49169881,451211299,261463861,523559804,348194601,457189799,265600074,360729285,776968297,341278444,828346526,239244536,246594441,40542633,273039140,125878942,506969761,83734029,2158774543,1571794807,1064278980,344959698,281398680,700160229,311826985,428582946,208691905,61546390,2475992341,1592068747,425405641,219528155,560065939,55617460,1447417682,169536317,1720925689,41510132,231014654,75854428,334103212,109971088,333685192,1669006742,282384082,727229498,39042421,197972143,1406825858,198004061,628765738,163513767,201081403,717198402,32644914,257243574,781609566,287522437,2171671893,60733645,137497141,144313253,112787853,61859806,496478710,266836576,23169278,562411441,619713127,244676562",0,1,0,0,0
"3415","wypipo",5135,"2016-11",0,"2015-04",2015-08-14,2015-12-30,100,"16553435,51353167,60370335,17265123,214080936,254765292,18523773,24708891,50546567,1408831813,449962700,2199618850,78974414,14274929,23530956,202968603,220684302,525233239,39793617,92585909,110596006,297662236,348783422,156742714,31307679,24511815,162971081,155189978,57084520,107493793,21274637,3243796102,125791523,523547538,36157238,57980068,711613609,141340275,2267633525,20532787,566247348,374947148,3265759158,28071321,74078200,54131533,310060478,38317018,97376605,19786965,332405017,224354592,535056335,138928154,160126165,230499080,159683729,31026507,52772136,20631562,38076968,29877564,19579501,236989847,4122751023,233906547,386866617,537989391,20738274,211609545,846787897,37253727,1315241300,25893699,29206651,198004061,413550200,35374269,182592735,1525684236,31058898,547332104,258765159,15491015,48923720,120562342,389863509,61076953,61698050,241316195,30762899,21507903,115297136,29327448,595237708,27323843,46653523,2988095243,295463213,545641253",0,0,1,0,0
"3436","yeeted",2241,"2019-05",0,"2017-09",2018-03-29,2018-07-25,100,"212354182,558662617,368552662,610422178,874107367033634818,2185690896,112358408,314389253,866416479926972416,823290829854961667,1617344976,2259416879,615422604,14911608,2791069338,1083194630,887809686598291456,1109701512,384034731,1369402632,4151983829,277221625,793879418552868864,3016649362,4146540159,428428637,31579776,4223590994,336834468,2260856017,499499576,431233801,2521859719,112585090,3984990852,784210425420316672,3195467198,3040442476,516057644,3232027670,428621213,2995266993,3405006437,800884397335572480,3238275874,489543493,625877692,600719133,1915981417,351434732,247002668,499333597,599874008,738438258,940414574552956928,243011504,633727283,1703061968,1109500879,469776273,468028630,835760608297508864,2745563227,4634383577,14851125,451105027,926109397666770944,1210358894,72334847,711760006517927936,833494769913376768,634757609,2865413840,1047141553,2885548272,296619576,47022840,285917482,2334772362,180219180,3198747750,2211784022,346018664,1334977544,2235605828,28282752,897592594506498048,575874218,360327584,1656323000,749338375350521856,66538201,190450178,65957851,111806363,265001206,3428673521,894424253910491136,357752225,268654281",0,1,0,0,0
"3439","yeeting",1012,"2014-04",0,"2014-01",2014-03-15,2014-04-09,100,"272258614,1064556524,411148838,493552400,744322002,558287394,361024247,600516324,325812527,372558675,233801874,494558272,139433383,152398839,1383400375,1930634425,278874054,388431790,378931743,294772740,623097065,972471337,275200506,113200433,236226345,72632769,169619098,158583964,280850136,204482753,266920591,89106747,26449654,267496373,64448185,249441397,226437243,2153954976,487133627,248022711,523961433,1288937354,1696928755,1005114612,302266905,163568194,2279672006,367783136,750037351,1453070725,617826193,80436436,947059483,704225648,144343413,2338131966,86643797,151363110,741078025,1957784263,326527013,369266489,111204735,324671810,160314748,113259973,1027526570,425490487,261066467,945065024,36086449,2369895275,918269875,1687192333,797196541,156625471,33118006,232317849,725162174,419998301,440547308,447541123,302958735,459870999,409592431,1122965612,861446546,209381384,169826399,266966090,238179570,114023440,339939200,1184295241,240116070,1645530847,967371895,400343877,606042819,421616007",0,1,0,0,0
